,Names,Prices,Links
1,"14pin,8pin,com cable for volvo vcads truck diagnosis tool","Rs5,200",https://www.wish.com/product/5d318d60b5a4ec02ff53e084
2,Denim Shoulder Tote Bag Hobo Purse,"Rs2,768",https://www.wish.com/product/5f028b202c4bed43d4453e38
3,2018 New Car Key Detection ECU Test Coil Detector Card For Auto ECU Signal Diagnostic Scan Can Bus Induction Detector Card Read,Rs838,https://www.wish.com/product/5bd80bff705d951a1dc7ccc3
4,OBD2 Auto ECU Brush Test Stand Multi-function BDM Frame Universally For 12V Car ECU Brush Test Stand High Quality,"Rs8,790",https://www.wish.com/product/6112243ac8979e4983ffb23a
5,2020 New Bange XL Backpack w/ USB & Earphone Hole,"Rs9,623",https://www.wish.com/product/5e6b982f588825886629acee
6,Car Diagnostic tool JULIE Emulator New Universal IMMO Emulator for CAN-BUS Cars JULIE Emulator Seat Occupancy Sensor Programs,"Rs5,619",https://www.wish.com/product/611b7c0d95f12f0f43b5de15
7,VDIAGTOOL VT600 OBD2 Automotive Scanner ABS SRS DPF Oil Reset Code Reader Professional Car Diagnostic Tool KO NT650 Thinkdiag,"Rs67,178",https://www.wish.com/product/611252cf423d86934e0769cd
8,Men's Leather Waist Bag Multifunction,Rs838,https://www.wish.com/product/614067ca4de4663623e36bdb
9,10pcs SALE Durable Plastic Home Double Layer Shoes Storage Rack Shoe Shelf Holder Organizer Amazing Space-Saving,"Rs5,279",https://www.wish.com/product/5af82ca590bda81595b03e72
10,Exquisite Luxury Women's Fashion Dazzling Ring Silver Plated Rose Gold Plated Two-color Cross White Cubic Zirconia Ring Elegant Princess Romantic Bride Engagement Ring Noble Anniversary Ring Christmas Gift Jewelry,Rs280,https://www.wish.com/product/62da4c9e4324a019196cbd5c
11,"BANGE Men's Travel Backpack 15.6"" Laptop USB Anti Theft","Rs10,483",https://www.wish.com/product/5cc4767667bc010b1d4d8f6d
12,MUCAR CS90 obd2 Scanner with BT200 Full System Car Scanner 28 Reset Professional Car Diagnostic Tools PK THINKCAR Thinkscan Max,"Rs103,480",https://www.wish.com/product/61b1b530ac029842307ba1c8
13,"Men's Business Travel Backpack 15.6"" USB Charging","Rs15,569",https://www.wish.com/product/5dd2a475b08b56539934192c
14,Insulated Lunch Box Cooler Tote Bag,Rs838,https://www.wish.com/product/62239d4da36f92d7f6ed1644
15,XL Backpack w/ USB & Earphone Hole for Men,"Rs9,983",https://www.wish.com/product/5d8824cddca120338221da68
16,Vintage Leather Shoulder Bags for Women,"Rs1,521",https://www.wish.com/product/6079066320199180e6a0867e
17,Men's Sling Bag with USB & Anti-Theft,Rs838,https://www.wish.com/product/62abf2c80401421cd6bdfd79
18,45L Ultralight Foldable Hiking Daypack,"Rs2,730",https://www.wish.com/product/610266f04de98f28c35fbf46
19,Large Drawstring Gym Bag,"Rs1,898",https://www.wish.com/product/605d4cfcacff8791fb18ac7c
20,XL Durable Travel Backpack w/ USB & Earphone,"Rs9,489",https://www.wish.com/product/5d58215c908eb104dfe0ac88
21,O Bag O Basket Drawstring PU Leather,"Rs2,839",https://www.wish.com/product/5affd7a65ac1814678037325
22,Lil Peep Backpack: Back to School,"Rs3,223",https://www.wish.com/product/5e7c516baa13033d62dd9fb6
23,Men's Nylon Canvas Chest Bag Backpack,"Rs1,293",https://www.wish.com/product/6251267261bac89b53992b9c
24,Men's Fashion Travel Backpack w/ USB & Anti-Theft,"Rs11,003",https://www.wish.com/product/5d4ad8cbe5e3482b702d901b
25,Men's High Quality Crossbody Bag,"Rs2,478",https://www.wish.com/product/5d9aae08036b4b38c46aefa3
26,Men's USB Chest Bag Backpack,"Rs5,688",https://www.wish.com/product/5faf6ee5d0bdc5ccf6b05fcf
27,Organic Cotton Net Bag Shopping Bag,Rs838,https://www.wish.com/product/606c0acdfd90a12d91de78b8
28,Durable Travel Backpack w/ USB & Laptop,"Rs9,221",https://www.wish.com/product/5d4ae40fe5e34830182d90c5
