Titel,ASIN,Produktcodes: EAN,
Glow25® Collagen Pulver [450g] – Unser Original – Kollagen Hydrolysat mit Vitamin C – Peptide Typ 1 und 3 – Gute Löslichkeit – Neutral,B0FPG73Q25,4262354841395,
Rothenberger Industrial 1x Nachfüllgas 100 ml | Feuerzeuggas | Gaskartusche | Universalgas | hoher Reinheitsgrad | für Feuerzeuge Gasbrenner zum Wieder befüllen inkl. 5 Adapter | 35840,B000WQN5PY,4004625358405,
"Philips LED Classic GU10 Lampen 6-er Pack (50 W), Reflektor LED Spots mit warmweißem Licht, energiesparende Lampen mit langer Nutzlebensdauer, Warmweiß",B01KHILJ5O,8718696586013,
SONAX ScheibenEnteiser (500 ml) sekundenschnelles enteisen von Scheiben ohne kratzen und eine rundum klare Sicht im Winter | Art-Nr. 03312410,B001052S4A,"4064700331242, 0642310273271, 0718347263520",
instax mini 12™ Blossom-Pink,B0BV38N99R,4547410489071,
"SanDisk Ultra microSDXC UHS-I-Speicherkarte 64 GB + SD-Adapter 2er-Pack (Für Smartphones und Tablets, A1, Class 10, U1, Full HD-Videos, bis zu 140 MB/s Lesegeschwindigkeit)",B0B7NVMBPL,619659200602,
Coravin Schraubverschlüsse - Ermöglicht die Verwendung von Coravin mit roten und weißen Flaschenweinen mit Schraubverschluss - 6er Pack,B0756LCQ4Q,854318006915,
Pampers Premium Protection Gr.5 Junior 11-23kg MonatsBox,B019WCXL2U,4015400855354,
"OCOOPA Handwärmer Elektrisch 2 Pack mit Magnetische, Tragbare Heizung 5000mAh, 3 Stufen Heizung, Kompakt für Handschuhe, Tasche, Winter-Essentials, Adventskalender Füllung Geschenke für Männer Frauen",B0CC189314,,
"SPARIN 2 Stück Schutzfolie für iPad 11/10. Generation, iPad (A16) 11 zoll 2025/10,9 zoll 2022, 9H Härte Kratzfest Panzer Schutz Glas Folie",B0BKL7KD6Y,6221323993907,
,,,Exported on 2025-12-30 15:28 (UTC) by ✜ Keepa.com
